{"cameraMode":{"drawMode":0,"name":"Shaded","section":"Shading Mode"},"sceneLighting":true,"audioPlay":false,"sceneViewState":{"m_AlwaysRefresh":false,"showFog":true,"showSkybox":true,"showFlares":true,"showImageEffects":true,"showParticleSystems":true,"showVisualEffectGraphs":true,"m_FxEnabled":true},"in2DMode":false,"pivot":{"x":-2.324397087097168,"y":3.552900791168213,"z":-12.219156265258789},"rotation":{"x":-0.17924125492572785,"y":-0.031872037798166278,"z":0.005810584407299757,"w":-0.9832783937454224},"size":-0.033974409103393558,"orthographic":false}