{"cameraMode":{"drawMode":0,"name":"Shaded","section":"Shading Mode"},"sceneLighting":true,"audioPlay":false,"sceneViewState":{"m_AlwaysRefresh":false,"showFog":true,"showSkybox":true,"showFlares":true,"showImageEffects":true,"showParticleSystems":true,"showVisualEffectGraphs":true,"m_FxEnabled":true},"in2DMode":false,"pivot":{"x":-0.8637616634368897,"y":-1.1870603561401368,"z":-3.236453056335449},"rotation":{"x":-0.19259366393089295,"y":0.007946006953716278,"z":-0.0015576290898025036,"w":-0.9812519550323486},"size":4.653801441192627,"orthographic":false}